{"cameraMode":{"drawMode":0,"name":"Shaded","section":"Shading Mode"},"sceneLighting":false,"audioPlay":false,"sceneViewState":{"m_AlwaysRefresh":false,"showFog":true,"showSkybox":false,"showFlares":true,"showImageEffects":true,"showParticleSystems":true,"showVisualEffectGraphs":true,"m_FxEnabled":true},"in2DMode":false,"pivot":{"x":0.22386133670806886,"y":-0.6187384128570557,"z":4.784026622772217},"rotation":{"x":-0.3495572805404663,"y":-0.19388696551322938,"z":0.07416260242462158,"w":-0.9136450290679932},"size":1.7124853134155274,"orthographic":false}