{"cameraMode":{"drawMode":0,"name":"Shaded","section":"Shading Mode"},"sceneLighting":false,"audioPlay":false,"sceneViewState":{"m_AlwaysRefresh":false,"showFog":true,"showSkybox":false,"showFlares":true,"showImageEffects":true,"showParticleSystems":true,"showVisualEffectGraphs":true,"m_FxEnabled":true},"in2DMode":false,"pivot":{"x":2.0578415393829347,"y":0.7823973894119263,"z":10.259894371032715},"rotation":{"x":-0.17607100307941438,"y":-0.05843725800514221,"z":0.01047139335423708,"w":-0.982586681842804},"size":1.1606911420822144,"orthographic":false}